{"cameraMode":{"drawMode":0,"name":"Shaded","section":"Shading Mode"},"sceneLighting":false,"audioPlay":false,"sceneViewState":{"showFog":true,"showMaterialUpdate":false,"showSkybox":false,"showFlares":true,"showImageEffects":true,"showParticleSystems":true},"in2DMode":false,"pivot":{"x":508.09918212890627,"y":1311.584716796875,"z":39.0303955078125},"rotation":{"x":0.01917240209877491,"y":-0.027376458048820497,"z":-0.0012164493091404439,"w":-0.9998997449874878},"size":556.2385864257813,"orthographic":false}