{"cameraMode":{"drawMode":0,"name":"Shaded","section":"Shading Mode"},"sceneLighting":false,"audioPlay":false,"sceneViewState":{"showFog":true,"showMaterialUpdate":false,"showSkybox":false,"showFlares":true,"showImageEffects":true,"showParticleSystems":true},"in2DMode":false,"pivot":{"x":0.5736871361732483,"y":0.030794834718108178,"z":-30.91141128540039},"rotation":{"x":0.12147439271211624,"y":-0.027968918904662133,"z":0.0034278370440006258,"w":0.9923232793807983},"size":4.052305221557617,"orthographic":false}