{"cameraMode":{"drawMode":0,"name":"Shaded","section":"Shading Mode"},"sceneLighting":false,"audioPlay":false,"sceneViewState":{"showFog":true,"showMaterialUpdate":false,"showSkybox":false,"showFlares":true,"showImageEffects":true,"showParticleSystems":true},"in2DMode":false,"pivot":{"x":67.04000091552735,"y":0.0299999862909317,"z":68.7699966430664},"rotation":{"x":0.295806884765625,"y":0.45085686445236208,"z":-0.16187520325183869,"w":0.8269015550613403},"size":5.0746965408325199,"orthographic":false}