{"cameraMode":{"drawMode":0,"name":"Shaded","section":"Shading Mode"},"sceneLighting":false,"audioPlay":false,"sceneViewState":{"showFog":true,"showMaterialUpdate":false,"showSkybox":false,"showFlares":true,"showImageEffects":true,"showParticleSystems":true},"in2DMode":false,"pivot":{"x":492.3914794921875,"y":1215.833251953125,"z":-341.6130065917969},"rotation":{"x":-0.1438458412885666,"y":0.01995144411921501,"z":-0.0030700545758008959,"w":-0.9898797273635864},"size":505.3524475097656,"orthographic":false}