{"cameraMode":{"drawMode":0,"name":"Shaded","section":"Shading Mode"},"sceneLighting":false,"audioPlay":false,"sceneViewState":{"showFog":true,"showMaterialUpdate":false,"showSkybox":false,"showFlares":true,"showImageEffects":true,"showParticleSystems":true},"in2DMode":false,"pivot":{"x":-0.38624703884124758,"y":0.3984552025794983,"z":-42.640602111816409},"rotation":{"x":0.1568221002817154,"y":0.14935967326164246,"z":-0.024071337655186654,"w":0.9761200547218323},"size":1.028235912322998,"orthographic":false}