{"cameraMode":{"drawMode":0,"name":"Shaded","section":"Shading Mode"},"sceneLighting":false,"audioPlay":false,"sceneViewState":{"showFog":true,"showMaterialUpdate":false,"showSkybox":false,"showFlares":true,"showImageEffects":true,"showParticleSystems":true},"in2DMode":false,"pivot":{"x":1.135599970817566,"y":1.2138807773590088,"z":-42.228599548339847},"rotation":{"x":0.1439584493637085,"y":0.2368551641702652,"z":-0.035532113164663318,"w":0.9602967500686646},"size":0.9710298776626587,"orthographic":false}